Module_code,Module_name,Module_term
1,Christoper,Stutely
2,Arv,Rapps
3,Aluino,Vasyatkin
4,Daisie,56456#$#
5,Flory,Nagle
6,Laurence,Beddall
7,Alvin,Desantis
8,Jonell,Beteriss
9,Gail,Smythe
10,Romola,Bergin
11,Karoly,Kohnen
12,Gun,Ivanshintsev
13,Benedicto,Cay
14,Luci,Farquharson
15,Elysha,Slowan
16,Datha,Landsberg
17,Gretna,Demaine
18,Nomi,Peckitt
19,Cecilio,Todaro
20,Barny,Quarrell
21,Alexandre,Shinfield
22,Dianna,Botterill
23,Burch,Estrella
24,Anneliese,Rafe
25,Augustus,Kennifick
26,Kent,McHenry
27,Bertrand,Womack
28,Delcine,Catterick
29,Cletus,Tother
30,Kermit,Oehm
31,Sheff,Tilby
32,Klara,Aspall
33,Rab,Cornilli
34,Marge,McKinnell
35,Burk,Tincey
36,Mehetabel,Deeble
37,Helenelizabeth,Alliston
38,Peggie,Coning
39,Sumner,Fishbourn
40,Nadia,Fairfoot
41,Terri,Dearle-Palser
42,Aurelea,Rolling
43,Brianne,Garmons
44,Marshal,Biggerstaff
45,Stafford,Lidyard
46,Tamarra,Lampe
47,Silvan,MacInherney
48,Laurella,McElmurray
49,Velvet,Gildroy
50,Lazare,Givens
51,Rustie,Dossit
52,Toby,Finden
53,Thea,De Malchar
54,Bax,Bus
55,Ashla,MacIlwrick
56,Pierson,Cregeen
57,Sabrina,Van Driel
58,Dewie,Toye
59,Ebeneser,Repp
60,Saudra,Clapperton
61,Doloritas,Greeves
62,Stan,MacKimmie
63,Xaviera,Batchelar
64,Krispin,Lindeboom
65,Lethia,Bavester
66,Brigit,Giacaponi
67,Fianna,Cox
68,Florri,Sloan
69,Harli,Alday
70,Lettie,Lovell
71,Bailey,Tear
72,Vassili,Porteous
73,Merissa,Georgeon
74,Ricardo,Jeppensen
75,Rebekkah,Crookshank
76,Robinetta,Blythin
77,Marrissa,Maffia
78,Marven,Fitzsymon
79,Florette,Orr
80,Bancroft,Gibbings
81,Guthrie,Wadge
82,Ulysses,Phython
83,Emalee,Goady
84,Leann,Fredi
85,Connor,Hounsham
86,Dyan,Levison
87,Willamina,Jentges
88,Arnoldo,Colcomb
89,Oswald,Pitts
90,Melodee,Tadlow
91,Annaliese,Easen
92,Ferd,Trowill
93,Alvina,Martinelli
94,Minne,Hacquard
95,Fernanda,Markie
96,Ruthanne,Atyeo
97,Fred,Hubner
98,Adrea,Highnam
99,Moina,Witcher
100,Francene,Clacson
101,Lacie,Palfreyman
102,Troy,Hurdidge
103,Reagan,Lehrle
104,Peter,Sauter
105,Dewey,Dahlborg
106,Dew,Treeby
107,Menard,Grigoli
108,Oberon,Fanti
109,Rosie,Spires
110,Grazia,Eskriet
111,Kathrine,Roscoe
112,Christiane,Roundtree
113,Markus,Lurriman
114,Lydie,McGrah
115,Gordy,Veracruysse
116,Monti,Cheesworth
117,Mallory,Franklin
118,Tricia,Sealey
119,Stacy,Spellsworth
120,Orren,London
121,Ira,Seman
122,Zacherie,Chimenti
123,Garrot,Ramsbottom
124,Irwin,Liquorish
125,Jamaal,Copello
126,Alie,Sambals
127,Sully,Cannan
128,Rana,Balcon
129,Barbara,Rosenstiel
130,Kylynn,Paskins
131,Austen,Mc Cahey
132,Warner,Nehlsen
133,Benoite,Ginie
134,Quintina,Kale
135,Berton,Gorham
136,Karoly,Birtwistle
137,Ingrim,Dunsire
138,Nolie,Danjoie
139,Antonie,Dilleway
140,Nap,Duberry
141,Jed,Jansa
142,D'arcy,MacDonough
143,Tommy,Coppock.
144,Matilde,Gansbuhler
145,Shanan,Grute
146,Ingaberg,D'Andrea
147,Lenette,Larraway
148,Quent,Callaby
149,Holli,Shemmans
150,Allene,Muldowney
151,Dale,Strutt
152,Mose,Lerner
153,Eloise,Hamber
154,Ealasaid,Whooley
155,Stella,Yellep
156,Roberta,Tice
157,Alisha,Franses
158,Brandais,Ingliss
159,Nappy,Brettor
160,Tonye,Robottham
161,Giana,Wenzel
162,Netta,Andriessen
163,Romain,Hamblett
164,Tressa,Alcido
165,Wernher,Sherlaw
166,Duff,Lewsam
167,Gayler,Opy
168,Sue,Pester
169,Sarah,Alderton
170,Sheelagh,De Benedetti
171,Lyndel,Ilyasov
172,Nisse,Hidderley
173,Alaine,Hulks
174,Quintana,Riddler
175,Kirby,Ornells
176,Alleen,Death
177,Kent,Kinlock
178,Thorin,Hollow
179,Cindelyn,Spencock
180,Fransisco,Stove
181,Annabal,Gercken
182,Berty,McMakin
183,Urban,Alennikov
184,Irvine,Carnegy
185,Conrad,Tregona
186,Trevor,Mion
187,Giacomo,Statton
188,Imogene,Drewell
189,Kylila,Dablin
190,Ilene,Boniface
191,Perice,Fryman
192,Menard,Dayley
193,Cathleen,Westoll
194,Haydon,Pleace
195,Ali,Brockton
196,Marybeth,Farran
197,Riley,MacAndrew
198,Prudy,Swigger
199,Muire,Baress
200,Leonelle,Creighton
201,Aluin,Hawkeswood
202,Rozele,Shewery
203,Josefa,Tipple
204,Gael,Humphries
205,Clarinda,Beaze
206,Paola,Pratt
207,Fulton,Thripp
208,Ermanno,Capitano
209,Ange,Filan
210,Bobbe,Edgell
211,Jodi,Abels
212,Lilias,Dunge
213,Noby,Yakobovitz
214,Ramsey,D'Hooghe
215,Lu,Novello
216,Angelo,Rawsthorne
217,Chester,Walesa
218,Bobbi,MacCarter
219,Ailene,Orr
220,Sande,Pieper
221,Byran,Spilisy
222,Adriane,Vickerstaff
223,Melamie,Campana
224,Kare,Livingstone
225,Meghann,Dory
226,Ewell,Durant
227,Cinnamon,Poll
228,Brittan,Minchenton
229,Emeline,Pennell
230,Meghann,Mager
231,Moira,Ambroix
232,Libbey,Moorman
233,Lilias,Toler
234,Larry,Wimpress
235,Maurizia,Farfalameev
236,Nalani,Abbyss
237,Meridith,Durling
238,Kyla,Bunch
239,Ashli,Sinkin
240,Nate,Fasham
241,Austin,De Carolis
242,Brien,Bradwell
243,Bradney,Rotter
244,Travus,Absolem
245,Ayn,Pickersail
246,Karl,Hayball
247,Maribel,Spinage
248,Dale,Kik
249,Silvie,Jeanel
250,Ruprecht,Alwin
251,Dannel,Langlais
252,Georgeanne,Baudet
253,Tremain,Ridger
254,Caryl,Chesley
255,Barrett,Tregiddo
256,Rory,Jzhakov
257,Erminie,Deevey
258,Nero,Adkins
259,Joellyn,Reagan
260,Roselle,Konert
261,Andreana,Yitzhakov
262,Stormy,Northing
263,Puff,Tomadoni
264,Had,Wyld
265,Desiree,Runchman
266,Perkin,Berndtssen
267,Yelena,Fortesquieu
268,Osmond,Dives
269,Niel,Hearnshaw
270,Fidelia,Bottrell
271,Eugenio,Canning
272,Evangelin,Rubica
273,Aila,Simmill
274,Alida,Claire
275,Dela,Killwick
276,Montgomery,O'Corhane
277,Karry,Kinglesyd
278,Benedicto,Butterfield
279,Nahum,Capaldi
280,Bonnee,Leftbridge
281,Nikos,Schlag
282,Gwenora,Kohrs
283,Barbey,Brundill
284,Town,Macknish
285,Velvet,Wombwell
286,Orella,Keys
287,Geralda,Shills
288,Cart,Gauvain
289,Roth,Unworth
290,Portie,Cocke
291,Emanuele,Clempton
292,Shalna,Haggas
293,Anissa,Maystone
294,Angelia,Hubatsch
295,Celesta,Vearncomb
296,Kirby,Mourbey
297,Keane,Lemoir
298,Barnebas,Vamplus
299,Hasheem,Vaadeland
300,Ezra,McCalister
301,Trudey,Gasker
302,Whittaker,Dorgon
303,Daisy,Pohls
304,Merv,Whiteoak
305,Modestia,Kleisle
306,Stace,Paulou
307,Leoine,Jiggens
308,Bev,Cruikshank
309,Emmett,Yarrow
310,Rodger,Steptowe
311,Ruthy,Daniel
312,Olenka,Mansell
313,Nester,Farrant
314,Emelina,Hurleston
315,Gaby,Keniwell
316,Saunder,Feavearyear
317,Paddy,Bowbrick
318,Saundra,Connah
319,Jasmina,Glisenan
320,Halsy,Witchalls
321,Elise,Witchalls
322,Tiffanie,Saunton
323,Garey,Daintry
324,Arline,Kinder
325,Leif,McAlarney
326,Robenia,Nials
327,Abbey,Fortescue
328,Hermann,Vanderplas
329,Tanner,Liddyard
330,Link,Blunsom
331,Robin,Capelin
332,Laird,Nenci
333,Sasha,Cheek
334,Alonso,Greenhough
335,Kaia,Rushsorth
336,Wendye,Malcolmson
337,Flemming,Draisey
338,Micheil,Petegre
339,Caralie,Steynor
340,Gwendolin,Crickmer
341,Ancell,Rime
342,Rabbi,Jumonet
343,Annice,Kruschov
344,Harp,Baudic
345,Phelia,Veelers
346,Rob,Stirrip
347,Florri,Bartlet
348,Ulrica,Demongeot
349,Brewster,Radin
350,Brent,North
351,Pauly,Jurgen
352,Drona,Moorerud
353,Obie,Marritt
354,Margi,Fassam
355,Berna,D'Alwis
356,Mac,Malletratt
357,King,Antczak
358,Donia,Lawly
359,Otto,Matz
360,Luciana,Hum
361,Bernie,Bettis
362,Carly,Ansley
363,Camille,Schimank
364,Sofia,Penhaligon
365,Brande,Impy
366,Rickie,Leward
367,Reggis,Gallichan
368,Trenna,Scading
369,Esme,Mannering
370,Kip,Redsull
371,Anny,Bussetti
372,Sisely,Ovid
373,Mina,Hakonsen
374,Hermine,Spearman
375,Marlon,Scurrey
376,Maxwell,Center
377,Carter,Savage
378,Devina,Tapson
379,Krissie,Woodus
380,Dorene,Lottrington
381,Alexei,Shoebrook
382,Lancelot,Riquet
383,Ammamaria,Wallett
384,Brittani,Abrahams
385,Consuelo,Coronado
386,Joanna,Wickey
387,Erskine,Beet
388,Gustavus,Toke
389,Bernadene,Coultard
390,Theodoric,Goldin
391,Karee,Colliar
392,Aleda,Emm
393,Baxter,Lamperti
394,Maia,Darlison
395,Theressa,Cavanaugh
396,Lewie,Zmitrovich
397,Sharlene,Lambourn
398,Mason,Willshire
399,Kahaleel,Stacey
400,Padraig,Corck
401,Tymon,Bowness
402,Constantino,Sherlaw
403,Udall,Gitthouse
404,Lucie,Galton
405,Buddy,Riseley
406,Benedikt,Kilcoyne
407,Wilhelmina,Simison
408,Poppy,Danilin
409,Ellwood,Copnell
410,Jacquie,Westall
411,Em,Persitt
412,Rustie,Addlestone
413,Raviv,Beggini
414,Billy,Bank
415,Maison,Von Oertzen
416,Ewart,Meier
417,Eydie,Yu
418,Anetta,Lakes
419,Corny,Dinnage
420,Allix,Kauble
421,Betteann,Croxley
422,Jordanna,Alam
423,Morton,Rennard
424,Tabina,Stammirs
425,Emmit,Dingivan
426,Giacinta,Neild
427,Hymie,Betty
428,Adair,Huleatt
429,Mortie,Rupp
430,Pru,Marklund
431,Cherey,Snawden
432,Bryna,Duer
433,Lydie,Noke
434,Lorilee,Fisher
435,Brear,Malley
436,Del,Crossland
437,Grantley,Mathe
438,Zachariah,MacCaffrey
439,Lola,Webburn
440,Pollyanna,Houchen
441,Talbot,Enderle
442,Beverly,Sebire
443,Catharine,Reeday
444,Daveen,Krolman
445,Derek,Abbett
446,Allix,Coping
447,Kori,Coate
448,Alisa,Brill
449,Ivar,Heggison
450,Guntar,Hovenden
451,Margeaux,Castello
452,Phillip,Plumbley
453,Josephina,Kerfoot
454,Prissie,Boullen
455,Dolly,Prozescky
456,Jaynell,Tampion
457,Basia,Ikins
458,Cody,Sudlow
459,Leicester,Brandacci
460,Tyson,Grigorkin
461,Idaline,Heilds
462,Dorotea,Tomaskunas
463,Brier,Eriksson
464,Montgomery,Klimochkin
465,Nada,Smyley
466,Jessey,Kirkhouse
467,Cornie,Bulbeck
468,Elwin,Mathers
469,Kent,Suddick
470,Paten,Creeber
471,Cyrille,Foddy
472,Luke,Scrowson
473,Filberte,Leworthy
474,Marybelle,Trail
475,Alberik,Beart
476,Dodie,Bogges
477,Winfield,Hares
478,Elsbeth,Rablan
479,Eben,McFfaden
480,Mathew,Deverick
481,Amity,Caustic
482,Alexa,Clayworth
483,Kippie,Bauer
484,Darice,Bever
485,Alex,Sutherington
486,Silvan,Warren
487,Shay,Sizeland
488,Mandie,Karle
489,Rutherford,Ketteman
490,Bartel,Dwight
491,Gideon,Beaconsall
492,Ronica,Dumbreck
493,Grete,Gonsalvez
494,Wilt,Whysall
495,Lulu,Curragh
496,Giacopo,Fawdrie
497,Yul,Goundry
498,Tris,Osbidston
499,Levon,Yerrall
500,Iosep,Shannahan
501,Wrennie,Negus
502,Bernardo,Hutten
503,Bari,Yair
504,Morley,Cleaver
505,Gilberte,Hindmoor
506,Gussie,Rogans
507,Markos,Duffin
508,Franchot,McLeod
509,Husain,Tuke
510,Redd,Gendrich
511,Penelope,Samworth
512,Theodoric,Goodrum
513,Athene,Hallaways
514,Gus,Huxham
515,Harlene,Corbally
516,Gerald,Tayt
517,Drud,Fideler
518,Norry,Kerrane
519,Augusta,Newbegin
520,Astrid,Czajka
521,Joelie,Salling
522,Reiko,Muscott
523,Veriee,Orrell
524,Janet,Stanes
525,Selma,Di Filippo
526,Elijah,Niesegen
527,Trenton,Coweuppe
528,Carey,Twist
529,Fidelio,Tourville
530,Heath,Cherrington
531,Callida,MacCardle
532,Isadora,Lubeck
533,Marco,Gomersal
534,Charo,Licciardiello
535,Cornall,De Ath
536,Liliane,Bagehot
537,Garrott,Goreway
538,Vivyan,Farnell
539,Alyce,Tomczynski
540,Bertrand,Stennett
541,Paola,Buttriss
542,Moishe,Caffin
543,Galen,Lubeck
544,Kassi,Davitti
545,Clem,Hanlin
546,Tiphanie,Martinson
547,Sheree,Inkpen
548,Sal,Caulliere
549,Sophronia,Plumstead
550,Rodrick,Lowten
551,Jordon,Ebden
552,Aloysia,Duckit
553,Dottie,Temperley
554,Gretta,Dyott
555,Abramo,Banaszewski
556,Idalia,MacNally
557,Ami,Gwinnel
558,Herb,Sansum
559,Corri,Arundale
560,Rosco,McWilliams
561,Anton,Bandy
562,Tony,Rawes
563,Shaylyn,Souness
564,Jannel,Olliar
565,Kimberlyn,Haydon
566,Brandice,des Remedios
567,Cash,Crosi
568,Jeanne,Attfield
569,Moses,Pennycord
570,Vivyan,Le Huquet
571,Micaela,Gledhall
572,Carlen,Ollivier
573,Saxe,Mattityahou
574,Quincy,Lackmann
575,Casie,Bearward
576,Emilia,Darrigoe
577,Roley,Jouanot
578,Heath,Josipovitz
579,Aimee,Dwelly
580,Judye,Mogey
581,Corry,Tinmouth
582,Kayne,Rosenvasser
583,Birch,Pottie
584,Chrissie,Houndesome
585,Hendrick,Maberley
586,Sharlene,Harniman
587,Linet,Fossett
588,Petronia,Vagg
589,Melantha,Boscott
590,Mariquilla,Haston
591,Mose,Gianinotti
592,Eben,Copo
593,Leia,Gruszecki
594,Andee,Janzen
595,Herb,Swindles
596,Mozelle,Leger
597,Kari,Hurworth
598,Brynna,Schoular
599,Geoffry,Wisniowski
600,Jae,Janeczek
601,Elora,Salliere
602,Skylar,Somerton
603,Lorine,Donaher
604,Sydney,Seyers
605,Jillian,Kearns
606,Baxter,Bodicum
607,Parker,Buchanan
608,Byrom,Franken
609,Dari,Brymham
610,Bail,Lozano
611,Zeke,Umfrey
612,Lauraine,Dockwray
613,Esther,Collingworth
614,Chucho,Aslen
615,Sharia,Murrells
616,Wyatan,Jarrard
617,Babs,Writer
618,Sol,Danielsson
619,Kalle,Fowells
620,Aidan,Ivoshin
621,Jordana,Dimont
622,Danna,Valentetti
623,Lu,Wodham
624,Kara,Bellon
625,Zondra,Grigori
626,Ferrell,Daventry
627,Oby,Bloyes
628,Anallese,Kemell
629,Felita,Martinets
630,Nicolas,Tripony
631,Meryl,Reis
632,Davidde,Ragsdall
633,Dicky,Stallworth
634,Launce,Garman
635,Barth,Scarce
636,Reyna,Cousans
637,Chariot,Elwill
638,Corey,Raywood
639,Mabelle,McGowing
640,Berty,Fermin
641,Selie,Legion
642,Christye,Swinnerton
643,Saleem,Beardsley
644,Claresta,Brithman
645,Clarisse,Mulqueeny
646,Catha,Maseyk
647,Buiron,Valentelli
648,Jeffrey,Matei
649,Vera,Dimitrov
650,Merv,Kairns
651,Caritta,Stuchburie
652,Raoul,Labb
653,Kane,Polglase
654,Ranee,Terrill
655,Silvain,Corrison
656,Gabrila,Vanyukov
657,Gertrude,Tallowin
658,Johnna,Juara
659,Dina,Jullian
660,Ali,Tattershall
661,Berty,Hudspeth
662,Valentino,Moultrie
663,Friederike,Smidmor
664,Herb,Shevels
665,Giacomo,Oram
666,Lucias,McMechan
667,Charisse,Wilse
668,Isobel,Stoneley
669,Ermentrude,Stollenhof
670,Karleen,Cornwall
671,Shandra,Sanger
672,Ernaline,Cuardall
673,Andrej,De Domenici
674,Leontyne,Peasnone
675,Mirilla,Oxnam
676,Chadwick,Cashen
677,Sandor,Daouse
678,Christy,Filipputti
679,Rhetta,Descroix
680,Babita,Brasher
681,Gerhard,Hruska
682,Minny,Degoix
683,Marmaduke,Perrycost
684,Barri,Marchington
685,Gabbi,Bockler
686,Tybalt,MacFadzean
687,Turner,Olensby
688,Ker,Membry
689,Linell,Duro
690,Sybila,Brooks
691,Tildy,Espinas
692,Thaddeus,Swinford
693,Franky,Riedel
694,Chloette,Thoday
695,Aloisia,Maryan
696,Ricki,Beddow
697,Frederik,Noddle
698,Cherye,Girvin
699,Isiahi,Guilleton
700,Julietta,Scroyton
701,Alexis,Perkins
702,Dixie,Sugar
703,Sheeree,Bellard
704,Ursuline,Stubbs
705,Guthrie,Pitchers
706,Adelaida,Turgoose
707,Abbye,Brimham
708,Alie,Gayter
709,Konstantin,Lorkin
710,Teddie,Bebb
711,Chadd,O'Heffernan
712,Adams,Christian
713,Rhodia,Erik
714,Sal,Buttrick
715,Sanderson,Greenroyd
716,Meryl,Theunissen
717,Portie,Farrants
718,Elka,Langdon
719,Rosemonde,Cousen
720,Shannen,McVanamy
721,Thomasin,Cozins
722,Wilton,Einchcombe
723,Brnaba,Sangra
724,Hallsy,Kynastone
725,Jereme,Backshall
726,Chilton,Beste
727,Letti,Robet
728,Elsie,Kacheller
729,Merna,Silverstone
730,Chantalle,Grishkov
731,Doti,Olivetti
732,Gerrard,Dyster
733,Natale,Harraway
734,Hermy,Ulrik
735,Emerson,Cawthery
736,Angil,Shirrell
737,Louisette,Kearn
738,Romola,Deinhardt
739,Townie,Hartropp
740,Rozalie,Swan
741,Rosamond,Guillem
742,Julieta,Auchinleck
743,Ruddy,Ranklin
744,Tailor,Wooding
745,Vikki,Pitts
746,Ulrica,Boreham
747,Barnebas,Mobius
748,Lucinda,Staneland
749,Berny,Dumini
750,Elayne,Glusby
751,Cecil,Roos
752,Bette,Cinderey
753,Ricky,Mullineux
754,Evvie,Vaudrey
755,Debee,Pigeon
756,Nelle,Tyre
757,Windham,Beardsdale
758,Eli,Bart
759,Mathian,Diggles
760,Dolly,Grinishin
761,Josefina,Edghinn
762,Paulie,Lemmanbie
763,Paton,Canet
764,Claudianus,Hallum
765,Garfield,McDonald
766,Donal,Mogg
767,Richie,Latter
768,Demetre,Alennikov
769,Charo,Labone
770,Jamaal,Olden
771,Raoul,Kitcherside
772,Waylan,MacDwyer
773,Deane,Hallard
774,Tully,Burchmore
775,Alphonso,Cisson
776,Errol,Desquesnes
777,Kim,Bousler
778,Desmond,Bownde
779,Winthrop,Alleburton
780,Nealy,Chin
781,Lucas,Traviss
782,Merrielle,Leopold
783,Carole,Partridge
784,Vonnie,Raddenbury
785,Pooh,Pasterfield
786,Myer,Bein
787,Muffin,Scirman
788,Madelin,McCrossan
789,Gay,Polendine
790,Horacio,Heckner
791,Nobe,Semerad
792,Mag,Lightman
793,Stu,Goneau
794,Lorrie,De Gregoli
795,Luci,Baud
796,Gordon,Saward
797,Nixie,Huckerbe
798,Johnette,Vignaux
799,Redford,Lilion
800,Elayne,Roelofsen
801,Reiko,Learoid
802,Derril,Surr
803,Armstrong,Burman
804,Flora,Blight
805,Judi,Fishpond
806,Kimbra,Frankom
807,Claiborne,Hassen
808,Teriann,Eronie
809,Caresa,Kubista
810,Augustina,Ivanchenkov
811,Kriste,Michin
812,Franny,Clifford
813,Ludwig,Hickin
814,Adora,Yockney
815,Leland,Mulloch
816,Caralie,Iozefovich
817,Andrus,Faires
818,Yuri,Harring
819,Lucien,Pettican
820,Carmine,Mustchin
821,Torrie,Brimacombe
822,Neale,Klassmann
823,Rowan,Koeppe
824,Bridie,Scherer
825,Mahmoud,Orringe
826,Georges,McNeely
827,Mikkel,Firmage
828,Cornela,Claessens
829,Jemie,Bounde
830,Leigh,Watt
831,Kennan,De Lorenzo
832,Orton,Hummerston
833,Britt,Faill
834,Sherie,Wisson
835,Yulma,Ryles
836,Nico,Pyser
837,Alvira,Kelloway
838,Vicki,Libermore
839,Sissie,Dybbe
840,Beryle,Ponceford
841,Gnni,Extall
842,Jo-anne,Jobbins
843,Hedvig,Deshorts
844,Talyah,Perrott
845,Sean,Winfrey
846,Dreddy,Innot
847,Demetre,Cookson
848,Kaye,Brafield
849,Allianora,Western
850,Dulcy,Lounds
851,Farrell,Ahearne
852,Lesley,MacCartney
853,Tana,Jencey
854,Rivi,Skerritt
855,Paxton,Kliemchen
856,Chandal,Piller
857,Heida,Greenroyd
858,Etienne,Gillford
859,Jackquelin,Bedrosian
860,Norry,Lumsdale
861,Georgy,Glamart
862,Patrizio,Robker
863,Prinz,Voules
864,Manny,Giacobbo
865,Miof mela,MacFadzan
866,Chucho,Date
867,Eldridge,Cosford
868,Lazar,McAlinden
869,Xaviera,Courtney
870,Virginia,Eddolls
871,Gusella,Letessier
872,Hedvig,Marnane
873,Melba,Pollicote
874,Thomasa,MacGillicuddy
875,Karrah,O'Kane
876,Tarrah,Groocock
877,Angelo,Kilford
878,Barbe,Cicconettii
879,Avictor,Grzegorzewski
880,Goldi,Whitington
881,Launce,Clampin
882,Wallie,Calliss
883,Clerissa,Tomasello
884,Gearard,Godney
885,Jennilee,Ferrillio
886,Natividad,Rosenblad
887,Elene,Shirland
888,Gran,Pearse
889,Mattias,Kleinplac
890,Dex,Siward
891,Ella,Tissell
892,Ayn,de Guise
893,Prudy,Matuszak
894,Rhoda,Skeldon
895,Stern,Oppy
896,Pate,Hune
897,Berne,Lemery
898,Kyrstin,Donlon
899,Poppy,De Benedetti
900,Hestia,Scinelli
901,Gizela,Hawson
902,Yolanthe,Tomasik
903,Lance,Chomley
904,Laurice,Iley
905,Karil,Wison
906,Selena,Collings
907,Julian,Robart
908,Bridgette,A'Barrow
909,Bernadina,Lysaght
910,Vanny,Abramchik
911,Harwell,Korpal
912,Hercule,Navarro
913,Beatriz,Ward
914,Ula,Hazeldine
915,Bekki,Buttrum
916,Eimile,Pablos
917,Sibeal,Elphick
918,Meggy,Yglesia
919,Michel,Kaubisch
920,Skipton,Huddart
921,Ambrose,Langford
922,Derwin,Ghion
923,Ilyse,Bruinemann
924,Norrie,Paradis
925,Mischa,Pawden
926,Sigismund,Tonsley
927,Pauly,Cranke
928,Glenna,Lavallie
929,Lesya,Rennick
930,Ted,Ritchman
931,Zacharia,Sleightholme
932,Jeth,Beetles
933,Matilde,McGray
934,Webb,Knowlys
935,Dayle,Errichi
936,Lucine,Chaize
937,Gasper,Demangeot
938,Cecilius,Tenant
939,Aleen,Matchett
940,Ferdinande,Todari
941,Desiree,Lewis
942,Delaney,Whapples
943,Jermaine,Adin
944,Cam,Abrey
945,Dory,Scarborough
946,Ania,MacGiolla
947,Saul,Mixhel
948,Edd,Mattek
949,Priscella,Pragnall
950,Viola,Ferretti
951,Sonny,Killough
952,Rochelle,Castiello
953,Tomi,Vatini
954,Silas,Assiter
955,Ragnar,Le - Count
956,Anjela,McGavin
957,Graehme,Gauchier
958,Antonella,Castellino
959,Norby,Adams
960,Jewell,Notton
961,Patton,Ollander
962,Loise,Huckett
963,Alvan,Blaney
964,Durante,Wicher
965,Noak,Streeten
966,Humfrey,Hurch
967,Florance,Robak
968,Gweneth,Ledwidge
969,Archer,Aleksich
970,Sarette,Puddin
971,Ellsworth,Hodgon
972,Bernadene,Mendoza
973,Donovan,Ielden
974,Hakeem,Escofier
975,Tanner,Rickwood
976,Winnie,Cottel
977,Audrey,Youngman
978,Lillian,Crusham
979,Briggs,Di Iorio
980,Lazaro,Bendan
981,Lila,Pietraszek
982,Skipper,Wallas
983,Pearle,Ruspine
984,Krysta,Vasiljevic
985,Eduardo,Kinnin
986,Bernie,Tarpey
987,Elladine,Ivanonko
988,Nananne,Huntriss
989,Gardner,Grima
990,Dulcinea,Viney
991,Ruddy,Eyers
992,Milissent,Meaney
993,Kaiser,McGettigan
994,Madelene,Bradd
995,Henriette,Puig
996,Zachary,Sollner
997,Curt,Hulme
998,Claiborn,Halmkin
999,Kelly,Fontell
1000,Nikita,Rowell
